{
  "experiment_info": {
    "experiment_id": "diloco_100f_100steps_20260129_164350",
    "timestamp": "2026-01-29T16:43:50.355732",
    "description": "DiLoCo federated learning simulation for TaniFi research"
  },
  "configuration": {
    "num_farmers": 100,
    "local_steps": 100,
    "num_rounds": 15,
    "device": "cuda"
  },
  "execution_time_seconds": 557.8699698448181,
  "execution_time_minutes": 9.297832830746968,
  "environment": {
    "pytorch_version": "2.10.0+cu128",
    "cuda_available": true,
    "cuda_version": "12.8",
    "device_name": "NVIDIA GeForce RTX 5050 Laptop GPU"
  },
  "results": {
    "metrics": {
      "rounds": [
        0,
        1,
        2,
        3,
        4,
        5,
        6,
        7,
        8,
        9,
        10,
        11,
        12,
        13,
        14
      ],
      "avg_loss": [
        2.3013298130512236,
        2.293041623032093,
        2.2855229534029955,
        2.279648835909367,
        2.2762771393060683,
        2.2747989118695258,
        2.2728602061629295,
        2.2723264517664905,
        2.272021876943111,
        2.271027734088898,
        2.2702742190718648,
        2.270673192036152,
        2.269716504025459,
        2.269328447663784,
        2.268761903703213
      ],
      "bandwidth_saved": [
        98.86837519823011,
        98.86837519823011,
        98.86837519823011,
        98.86837519823011,
        98.86837519823011,
        98.86837519823011,
        98.86837519823011,
        98.86837519823011,
        98.86837519823011,
        98.86837519823011,
        98.86837519823011,
        98.86837519823011,
        98.86837519823011,
        98.86837519823011,
        98.86837519823011
      ]
    },
    "summary": {
      "initial_loss": 2.3013298130512236,
      "final_loss": 2.268761903703213,
      "loss_reduction_percent": 1.41517783167421,
      "avg_bandwidth_saved_percent": 98.86837519823011
    }
  },
  "full_config": {
    "model": {
      "name": "SimpleCropDiseaseModel",
      "num_classes": 10,
      "lora_rank": 4
    },
    "dataset": {
      "name": "weedsgalore",
      "path": "../data/raw/weedsgalore",
      "processed_path": "../data/processed/weedsgalore",
      "image_size": 64,
      "train_split": 0.8,
      "val_split": 0.1,
      "test_split": 0.1
    },
    "federated": {
      "num_farmers": 100,
      "local_steps": 100,
      "num_rounds": 15,
      "non_iid": true,
      "min_samples_per_farmer": 10,
      "max_samples_per_farmer": 150,
      "checkpoint_rounds": [
        5,
        10
      ],
      "aggregation_method": "fedavg"
    },
    "training": {
      "batch_size": 8,
      "learning_rate": 0.001,
      "optimizer": "adam",
      "weight_decay": 0.0001,
      "use_scheduler": true,
      "scheduler_type": "cosine"
    },
    "device": {
      "use_gpu": true,
      "gpu_id": 0,
      "num_workers": 4
    },
    "simulation": {
      "simulate_network_delay": false,
      "avg_sync_delay_seconds": 10,
      "simulate_memory_constraint": false,
      "max_memory_mb": 2048,
      "simulate_intermittent_connectivity": false,
      "connectivity_probability": 0.8
    },
    "blockchain": {
      "enabled": false,
      "network": "base-sepolia",
      "contract_address": null,
      "proof_of_learning": true
    },
    "logging": {
      "level": "INFO",
      "tensorboard": true,
      "wandb": false,
      "save_checkpoints": true,
      "checkpoint_frequency": 2
    },
    "output": {
      "results_dir": "../experiments/results",
      "checkpoints_dir": "../models/checkpoints",
      "logs_dir": "../experiments/logs",
      "plots_dir": "../experiments/results/plots"
    },
    "experiment": {
      "name": "diloco_baseline",
      "tags": [
        "diloco",
        "federated-learning",
        "agriculture",
        "indonesia"
      ],
      "description": "Baseline DiLoCo simulation for TaniFi research paper"
    },
    "metrics": {
      "track_bandwidth_savings": true,
      "track_convergence_rate": true,
      "track_per_farmer_contribution": true,
      "track_model_accuracy": true,
      "compare_with_centralized": true
    }
  }
}