{
  "experiment_info": {
    "experiment_id": "diloco_50f_100steps_20260129_184704",
    "timestamp": "2026-01-29T18:47:04.712555",
    "description": "DiLoCo federated learning simulation for TaniFi research",
    "is_checkpoint": false,
    "checkpoint_round": 15,
    "total_rounds": 15
  },
  "configuration": {
    "num_farmers": 50,
    "local_steps": 100,
    "num_rounds": 15,
    "total_planned_rounds": 15,
    "device": "cuda"
  },
  "execution_time_seconds": 230.07832026481628,
  "execution_time_minutes": 3.8346386710802713,
  "environment": {
    "pytorch_version": "2.10.0+cu128",
    "cuda_available": true,
    "cuda_version": "12.8",
    "device_name": "NVIDIA GeForce RTX 5050 Laptop GPU"
  },
  "results": {
    "metrics": {
      "rounds": [
        0,
        1,
        2,
        3,
        4,
        5,
        6,
        7,
        8,
        9,
        10,
        11,
        12,
        13,
        14
      ],
      "avg_loss": [
        2.3071573197841646,
        2.3027104483127596,
        2.298659269523621,
        2.2952492264747617,
        2.2926483129978177,
        2.2916118036985393,
        2.2904592114448543,
        2.2903968842744833,
        2.288729129266739,
        2.288857727646828,
        2.286829086446762,
        2.287324460792542,
        2.2879849681615827,
        2.2872901639223095,
        2.2881624999523162
      ],
      "bandwidth_saved": [
        98.86837519823011,
        98.86837519823011,
        98.86837519823011,
        98.86837519823011,
        98.86837519823011,
        98.86837519823011,
        98.86837519823011,
        98.86837519823011,
        98.86837519823011,
        98.86837519823011,
        98.86837519823011,
        98.86837519823011,
        98.86837519823011,
        98.86837519823011,
        98.86837519823011
      ]
    },
    "summary": {
      "initial_loss": 2.3071573197841646,
      "final_loss": 2.2881624999523162,
      "loss_reduction_percent": 0.8232997233853709,
      "avg_bandwidth_saved_percent": 98.86837519823011
    }
  },
  "full_config": {
    "model": {
      "name": "SimpleCropDiseaseModel",
      "num_classes": 10,
      "lora_rank": 4
    },
    "dataset": {
      "name": "weedsgalore",
      "path": "../data/raw/weedsgalore",
      "processed_path": "../data/processed/weedsgalore",
      "image_size": 64,
      "train_split": 0.8,
      "val_split": 0.1,
      "test_split": 0.1
    },
    "federated": {
      "num_farmers": 50,
      "local_steps": 100,
      "num_rounds": 15,
      "non_iid": true,
      "min_samples_per_farmer": 10,
      "max_samples_per_farmer": 150,
      "checkpoint_rounds": [
        5,
        10
      ],
      "aggregation_method": "fedavg"
    },
    "training": {
      "batch_size": 8,
      "learning_rate": 0.001,
      "optimizer": "adam",
      "weight_decay": 0.0001,
      "use_scheduler": true,
      "scheduler_type": "cosine"
    },
    "device": {
      "use_gpu": true,
      "gpu_id": 0,
      "num_workers": 4
    },
    "simulation": {
      "simulate_network_delay": false,
      "avg_sync_delay_seconds": 10,
      "simulate_memory_constraint": false,
      "max_memory_mb": 2048,
      "simulate_intermittent_connectivity": false,
      "connectivity_probability": 0.8
    },
    "blockchain": {
      "enabled": false,
      "network": "base-sepolia",
      "contract_address": null,
      "proof_of_learning": true
    },
    "logging": {
      "level": "INFO",
      "tensorboard": true,
      "wandb": false,
      "save_checkpoints": true,
      "checkpoint_frequency": 2
    },
    "output": {
      "results_dir": "../experiments/results",
      "checkpoints_dir": "../models/checkpoints",
      "logs_dir": "../experiments/logs",
      "plots_dir": "../experiments/results/plots"
    },
    "experiment": {
      "name": "diloco_baseline",
      "tags": [
        "diloco",
        "federated-learning",
        "agriculture",
        "indonesia"
      ],
      "description": "Baseline DiLoCo simulation for TaniFi research paper"
    },
    "metrics": {
      "track_bandwidth_savings": true,
      "track_convergence_rate": true,
      "track_per_farmer_contribution": true,
      "track_model_accuracy": true,
      "compare_with_centralized": true
    }
  }
}