{
  "experiment_info": {
    "experiment_id": "diloco_150f_100steps_20260129_173008",
    "timestamp": "2026-01-29T17:30:08.973292",
    "description": "DiLoCo federated learning simulation for TaniFi research"
  },
  "configuration": {
    "num_farmers": 150,
    "local_steps": 100,
    "num_rounds": 15,
    "device": "cuda"
  },
  "execution_time_seconds": 692.9751269817352,
  "execution_time_minutes": 11.549585449695588,
  "environment": {
    "pytorch_version": "2.10.0+cu128",
    "cuda_available": true,
    "cuda_version": "12.8",
    "device_name": "NVIDIA GeForce RTX 5050 Laptop GPU"
  },
  "results": {
    "metrics": {
      "rounds": [
        0,
        1,
        2,
        3,
        4,
        5,
        6,
        7,
        8,
        9,
        10,
        11,
        12,
        13,
        14
      ],
      "avg_loss": [
        2.298316177757581,
        2.28252544122537,
        2.27376957804362,
        2.266978876050314,
        2.2624378089269004,
        2.2582486280759175,
        2.256041207019488,
        2.253668198084831,
        2.2529551923433937,
        2.2517465832710264,
        2.252634297879537,
        2.251769255463283,
        2.250033817108472,
        2.250108729712168,
        2.2494112989743553
      ],
      "bandwidth_saved": [
        98.86837519823011,
        98.86837519823011,
        98.86837519823011,
        98.86837519823011,
        98.86837519823011,
        98.86837519823011,
        98.86837519823011,
        98.86837519823011,
        98.86837519823011,
        98.86837519823011,
        98.86837519823011,
        98.86837519823011,
        98.86837519823011,
        98.86837519823011,
        98.86837519823011
      ]
    },
    "summary": {
      "initial_loss": 2.298316177757581,
      "final_loss": 2.2494112989743553,
      "loss_reduction_percent": 2.1278568743723087,
      "avg_bandwidth_saved_percent": 98.86837519823011
    }
  },
  "full_config": {
    "model": {
      "name": "SimpleCropDiseaseModel",
      "num_classes": 10,
      "lora_rank": 4
    },
    "dataset": {
      "name": "weedsgalore",
      "path": "../data/raw/weedsgalore",
      "processed_path": "../data/processed/weedsgalore",
      "image_size": 64,
      "train_split": 0.8,
      "val_split": 0.1,
      "test_split": 0.1
    },
    "federated": {
      "num_farmers": 150,
      "local_steps": 100,
      "num_rounds": 15,
      "non_iid": true,
      "min_samples_per_farmer": 10,
      "max_samples_per_farmer": 150,
      "checkpoint_rounds": [
        5,
        10
      ],
      "aggregation_method": "fedavg"
    },
    "training": {
      "batch_size": 8,
      "learning_rate": 0.001,
      "optimizer": "adam",
      "weight_decay": 0.0001,
      "use_scheduler": true,
      "scheduler_type": "cosine"
    },
    "device": {
      "use_gpu": true,
      "gpu_id": 0,
      "num_workers": 4
    },
    "simulation": {
      "simulate_network_delay": false,
      "avg_sync_delay_seconds": 10,
      "simulate_memory_constraint": false,
      "max_memory_mb": 2048,
      "simulate_intermittent_connectivity": false,
      "connectivity_probability": 0.8
    },
    "blockchain": {
      "enabled": false,
      "network": "base-sepolia",
      "contract_address": null,
      "proof_of_learning": true
    },
    "logging": {
      "level": "INFO",
      "tensorboard": true,
      "wandb": false,
      "save_checkpoints": true,
      "checkpoint_frequency": 2
    },
    "output": {
      "results_dir": "../experiments/results",
      "checkpoints_dir": "../models/checkpoints",
      "logs_dir": "../experiments/logs",
      "plots_dir": "../experiments/results/plots"
    },
    "experiment": {
      "name": "diloco_baseline",
      "tags": [
        "diloco",
        "federated-learning",
        "agriculture",
        "indonesia"
      ],
      "description": "Baseline DiLoCo simulation for TaniFi research paper"
    },
    "metrics": {
      "track_bandwidth_savings": true,
      "track_convergence_rate": true,
      "track_per_farmer_contribution": true,
      "track_model_accuracy": true,
      "compare_with_centralized": true
    }
  }
}