{
  "experiment_info": {
    "experiment_id": "centralized_baseline_20260210_062713",
    "timestamp": "2026-02-10T06:27:13.568587",
    "description": "Centralized baseline (no federation, no LoRA)",
    "is_federated": false
  },
  "configuration": {
    "num_farmers": 0,
    "local_steps": 0,
    "num_rounds": 5,
    "num_classes": 3,
    "device": "cuda"
  },
  "execution_time_seconds": 17.881508588790894,
  "execution_time_minutes": 0.2980251431465149,
  "environment": {
    "pytorch_version": "2.10.0+cu128",
    "cuda_available": true,
    "cuda_version": "12.8",
    "device_name": "NVIDIA GeForce RTX 5050 Laptop GPU"
  },
  "results": {
    "metrics": {
      "epochs": [
        0,
        1,
        2,
        3,
        4
      ],
      "train_loss": [
        1.2339384470667158,
        1.3689800160271781,
        1.4016904149736678,
        1.1853032623018538,
        1.3743831345013209
      ],
      "val_loss": [
        1.0293841361999512,
        1.0970357656478882,
        1.1202688217163086,
        1.2522375583648682,
        1.0062556266784668
      ],
      "val_accuracy": [
        0.19230769230769232,
        0.19230769230769232,
        0.19230769230769232,
        0.0,
        0.8076923076923077
      ],
      "val_f1_macro": [
        0.16129032258064516,
        0.16129032258064516,
        0.16129032258064516,
        0.0,
        0.44680851063829785
      ]
    },
    "summary": {
      "initial_loss": 1.2339384470667158,
      "final_loss": 1.3743831345013209,
      "loss_reduction_percent": -11.381822794197411,
      "avg_bandwidth_saved_percent": 0.0,
      "final_val_accuracy": 0.8076923076923077,
      "final_val_f1": 0.44680851063829785
    },
    "test_metrics": {
      "loss": 1.2184364795684814,
      "accuracy": 0.5384615384615384,
      "f1_macro": 0.2333333333333333
    }
  },
  "full_config": {
    "model": {
      "name": "YOLOv11ClassificationModel",
      "num_classes": 3,
      "lora_rank": 4
    },
    "dataset": {
      "name": "weedsgalore",
      "path": "../data/raw/weedsgalore",
      "processed_path": "../data/processed/weedsgalore",
      "image_size": 224,
      "train_split": 0.8,
      "val_split": 0.1,
      "test_split": 0.1
    },
    "federated": {
      "num_farmers": 5,
      "local_steps": 25,
      "num_rounds": 5,
      "non_iid": true,
      "min_samples_per_farmer": 10,
      "max_samples_per_farmer": 150,
      "checkpoint_rounds": [
        5,
        10
      ],
      "aggregation_method": "fedavg"
    },
    "training": {
      "batch_size": 8,
      "learning_rate": 0.001,
      "optimizer": "adamw",
      "weight_decay": 0.0001,
      "use_scheduler": true,
      "scheduler_type": "cosine"
    },
    "device": {
      "use_gpu": true,
      "gpu_id": 0,
      "num_workers": 4
    },
    "simulation": {
      "simulate_network_delay": false,
      "avg_sync_delay_seconds": 10,
      "simulate_memory_constraint": false,
      "max_memory_mb": 2048,
      "simulate_intermittent_connectivity": false,
      "connectivity_probability": 0.8
    },
    "blockchain": {
      "enabled": false,
      "network": "base-sepolia",
      "contract_address": null,
      "proof_of_learning": true
    },
    "logging": {
      "level": "INFO",
      "tensorboard": true,
      "wandb": false,
      "save_checkpoints": true,
      "checkpoint_frequency": 2
    },
    "output": {
      "results_dir": "../experiments/results",
      "checkpoints_dir": "../models/checkpoints",
      "logs_dir": "../experiments/logs",
      "plots_dir": "../experiments/results/plots"
    },
    "experiment": {
      "name": "diloco_baseline",
      "tags": [
        "diloco",
        "federated-learning",
        "agriculture",
        "indonesia"
      ],
      "description": "Baseline DiLoCo simulation for TaniFi research paper"
    },
    "metrics": {
      "track_bandwidth_savings": true,
      "track_convergence_rate": true,
      "track_per_farmer_contribution": true,
      "track_model_accuracy": true,
      "compare_with_centralized": true
    }
  }
}