{
  "config": {
    "dataset": {
      "name": "combined",
      "image_size": 224,
      "train_split": 0.8,
      "val_split": 0.1,
      "test_split": 0.1
    },
    "device": {
      "use_gpu": true,
      "gpu_id": 0,
      "num_workers": 8
    },
    "model": {
      "name": "YOLOv11ClassificationModel",
      "num_classes": 41,
      "lora_rank": 4
    },
    "adapter_type": "qlora",
    "adapter_config": {
      "r": 4,
      "lora_alpha": 32,
      "target_modules": [
        "classifier.2"
      ],
      "lora_dropout": 0.05
    },
    "federated": {
      "num_farmers": 10,
      "num_rounds": 20,
      "local_steps": 500,
      "non_iid": true,
      "aggregation_method": "fedavg",
      "min_samples_per_farmer": 10,
      "max_samples_per_farmer": 150,
      "warmup_rounds": 5
    },
    "training": {
      "batch_size": 64,
      "learning_rate": 0.001,
      "optimizer": "adamw",
      "weight_decay": 0.0001,
      "use_scheduler": true,
      "scheduler_type": "cosine"
    },
    "simulation": {
      "simulate_network_delay": false,
      "simulate_memory_constraint": false,
      "simulate_intermittent_connectivity": false
    },
    "experiment": {
      "name": "diloco_qlora_combined",
      "description": "DiLoCo federated learning with QLoRA adapter on combined WeedsGalore+PlantVillage (rare sync, long local steps)",
      "tags": [
        "diloco",
        "qlora",
        "federated",
        "combined",
        "weedsgalore",
        "plantvillage"
      ]
    },
    "num_farmers": 10,
    "local_steps": 500,
    "total_rounds": 20,
    "warmup_rounds": 5
  },
  "metrics": {
    "rounds": [
      0,
      1,
      2,
      3,
      4,
      5,
      6,
      7,
      8,
      9,
      10,
      11,
      12,
      13,
      14,
      15,
      16,
      17,
      18,
      19
    ],
    "avg_loss": [
      1.7800999944908544,
      1.1879324284457253,
      0.8303651267214651,
      0.778309358965917,
      0.7656503906884111,
      0.773168693812937,
      0.7734649564754029,
      0.7821528232113308,
      0.7945948220797304,
      0.8104597931384229,
      0.8292911494650367,
      0.8555032823108114,
      0.9139681708604359,
      0.9796005361255841,
      1.1122399688066449,
      1.3074574543587398,
      1.756251975257508,
      2.7186363544121384,
      3.8027712242662917,
      4.620678432327509
    ],
    "bandwidth_saved": [
      99.90384911079533,
      99.90384911079533,
      99.90384911079533,
      99.90384911079533,
      99.90384911079533,
      99.90384911079533,
      99.90384911079533,
      99.90384911079533,
      99.90384911079533,
      99.90384911079533,
      99.90384911079533,
      99.90384911079533,
      99.90384911079533,
      99.90384911079533,
      99.90384911079533,
      99.90384911079533,
      99.90384911079533,
      99.90384911079533,
      99.90384911079533,
      99.90384911079533
    ],
    "val_loss": [
      3.2877673420795177,
      2.772885238292605,
      2.7475291393523995,
      2.94305985992731,
      3.0871867930473287,
      3.1557793503583857,
      3.18466112246347,
      3.225013308088447,
      3.357082645699035,
      3.309375393598579,
      3.5436528373249745,
      3.504012777049874,
      3.548941942425661,
      3.41148779298677,
      3.4482125343624936,
      3.497941575493924,
      3.4271731839623563,
      3.412928934048775,
      3.3558675473512607,
      3.4116993811934497
    ],
    "val_accuracy": [
      0.11655969191270861,
      0.4221712818631945,
      0.44536952136438657,
      0.45932514212360165,
      0.4666055382358335,
      0.46656886117733365,
      0.476416651384559,
      0.4810379607555474,
      0.48250504309554376,
      0.48285347515129284,
      0.4781221346048047,
      0.47665505226480837,
      0.48046946634879883,
      0.48333027691179165,
      0.478800660187053,
      0.48527416101228676,
      0.4834403080872914,
      0.48571428571428565,
      0.4880616174582798,
      0.4859343480652852
    ],
    "val_f1_macro": [
      0.05550280891304367,
      0.2815811594832147,
      0.32994171820193174,
      0.349497089597013,
      0.35993430629171713,
      0.3695457295584486,
      0.3721346397778188,
      0.37816359065581706,
      0.3761091712614365,
      0.3777680547867862,
      0.37391534158107403,
      0.37528659837277833,
      0.3749422530560111,
      0.38049059296500704,
      0.3780921029046882,
      0.37941041793341423,
      0.37830576241503544,
      0.3806569541961612,
      0.382641991063218,
      0.3805426244576814
    ],
    "vram_mb": [
      747.744140625,
      747.9892578125,
      747.9892578125,
      747.9892578125,
      747.9892578125,
      747.9892578125,
      747.9892578125,
      747.9892578125,
      747.9892578125,
      747.9892578125,
      747.9892578125,
      747.9892578125,
      747.9892578125,
      747.9892578125,
      747.9892578125,
      747.9892578125,
      747.9892578125,
      747.9892578125,
      747.9892578125,
      747.9892578125
    ]
  },
  "timestamp": "20260222_055258",
  "training_type": "federated_diLoCo",
  "adapter_type": "qlora"
}