{
  "experiment_info": {
    "experiment_id": "centralized_baseline_20260209_113454",
    "timestamp": "2026-02-09T11:34:54.480430",
    "description": "Centralized baseline (no federation, no LoRA)",
    "is_federated": false
  },
  "configuration": {
    "num_farmers": 0,
    "local_steps": 0,
    "num_rounds": 5,
    "num_classes": 3,
    "device": "cuda"
  },
  "execution_time_seconds": 14.277488946914673,
  "execution_time_minutes": 0.23795814911524454,
  "environment": {
    "pytorch_version": "2.10.0+cu128",
    "cuda_available": true,
    "cuda_version": "12.8",
    "device_name": "NVIDIA GeForce RTX 5050 Laptop GPU"
  },
  "results": {
    "metrics": {
      "epochs": [
        0,
        1,
        2,
        3,
        4
      ],
      "train_loss": [
        1.047850787639618,
        0.8670303225517273,
        0.737130343914032,
        0.8459026217460632,
        0.7245402932167053
      ],
      "val_loss": [
        0.91315758228302,
        0.6479339003562927,
        0.5569274425506592,
        0.5392902493476868,
        0.539238691329956
      ],
      "val_accuracy": [
        0.8076923076923077,
        0.8076923076923077,
        0.8076923076923077,
        0.8076923076923077,
        0.8076923076923077
      ],
      "val_f1_macro": [
        0.44680851063829785,
        0.44680851063829785,
        0.44680851063829785,
        0.44680851063829785,
        0.44680851063829785
      ]
    },
    "summary": {
      "initial_loss": 1.047850787639618,
      "final_loss": 0.7245402932167053,
      "loss_reduction_percent": 30.854631044482943,
      "avg_bandwidth_saved_percent": 0.0,
      "final_val_accuracy": 0.8076923076923077,
      "final_val_f1": 0.44680851063829785
    },
    "test_metrics": {
      "loss": 1.172758936882019,
      "accuracy": 0.5384615384615384,
      "f1_macro": 0.2333333333333333
    }
  },
  "full_config": {
    "model": {
      "name": "SimpleCropDiseaseModel",
      "num_classes": 3,
      "lora_rank": 4
    },
    "dataset": {
      "name": "weedsgalore",
      "path": "../data/raw/weedsgalore",
      "processed_path": "../data/processed/weedsgalore",
      "image_size": 64,
      "train_split": 0.8,
      "val_split": 0.1,
      "test_split": 0.1
    },
    "federated": {
      "num_farmers": 5,
      "local_steps": 25,
      "num_rounds": 5,
      "non_iid": true,
      "min_samples_per_farmer": 10,
      "max_samples_per_farmer": 150,
      "checkpoint_rounds": [
        5,
        10
      ],
      "aggregation_method": "fedavg"
    },
    "training": {
      "batch_size": 8,
      "learning_rate": 0.001,
      "optimizer": "adamw",
      "weight_decay": 0.0001,
      "use_scheduler": true,
      "scheduler_type": "cosine"
    },
    "device": {
      "use_gpu": true,
      "gpu_id": 0,
      "num_workers": 4
    },
    "simulation": {
      "simulate_network_delay": false,
      "avg_sync_delay_seconds": 10,
      "simulate_memory_constraint": false,
      "max_memory_mb": 2048,
      "simulate_intermittent_connectivity": false,
      "connectivity_probability": 0.8
    },
    "blockchain": {
      "enabled": false,
      "network": "base-sepolia",
      "contract_address": null,
      "proof_of_learning": true
    },
    "logging": {
      "level": "INFO",
      "tensorboard": true,
      "wandb": false,
      "save_checkpoints": true,
      "checkpoint_frequency": 2
    },
    "output": {
      "results_dir": "../experiments/results",
      "checkpoints_dir": "../models/checkpoints",
      "logs_dir": "../experiments/logs",
      "plots_dir": "../experiments/results/plots"
    },
    "experiment": {
      "name": "diloco_baseline",
      "tags": [
        "diloco",
        "federated-learning",
        "agriculture",
        "indonesia"
      ],
      "description": "Baseline DiLoCo simulation for TaniFi research paper"
    },
    "metrics": {
      "track_bandwidth_savings": true,
      "track_convergence_rate": true,
      "track_per_farmer_contribution": true,
      "track_model_accuracy": true,
      "compare_with_centralized": true
    }
  }
}