{
  "config": {
    "dataset": {
      "name": "weedsgalore",
      "image_size": 224,
      "train_split": 0.8,
      "val_split": 0.1,
      "test_split": 0.1
    },
    "device": {
      "use_gpu": true,
      "gpu_id": 0,
      "num_workers": 8
    },
    "model": {
      "name": "YOLOv11ClassificationModel",
      "num_classes": 3,
      "lora_rank": 4
    },
    "adapter_type": "qlora",
    "adapter_config": {
      "r": 4,
      "lora_alpha": 32,
      "target_modules": [
        "classifier.2"
      ],
      "lora_dropout": 0.05
    },
    "federated": {
      "num_farmers": 10,
      "num_rounds": 20,
      "local_steps": 500,
      "non_iid": true,
      "aggregation_method": "fedavg",
      "min_samples_per_farmer": 10,
      "max_samples_per_farmer": 150,
      "warmup_rounds": 5
    },
    "training": {
      "batch_size": 64,
      "learning_rate": 0.001,
      "optimizer": "adamw",
      "weight_decay": 0.0001,
      "use_scheduler": true,
      "scheduler_type": "cosine"
    },
    "simulation": {
      "simulate_network_delay": false,
      "simulate_memory_constraint": false,
      "simulate_intermittent_connectivity": false
    },
    "experiment": {
      "name": "diloco_qlora",
      "description": "DiLoCo federated learning with QLoRA adapter (rare sync, long local steps)",
      "tags": [
        "diloco",
        "qlora",
        "federated",
        "weedsgalore"
      ]
    },
    "num_farmers": 10,
    "local_steps": 500,
    "total_rounds": 20,
    "warmup_rounds": 5
  },
  "metrics": {
    "rounds": [
      0,
      1,
      2,
      3,
      4,
      5,
      6,
      7,
      8,
      9,
      10,
      11,
      12,
      13,
      14,
      15,
      16,
      17,
      18,
      19
    ],
    "avg_loss": [
      0.21026674048012645,
      0.061847923501047994,
      0.040346994363709573,
      0.027922181739170694,
      0.026519330207755466,
      0.0256516740067713,
      0.027407017628055252,
      0.02336392463835681,
      0.026593750748357403,
      0.029752184940756692,
      0.029690164258612057,
      0.032433879296816556,
      0.035559441325281306,
      0.035536448782211724,
      0.0417187390879108,
      0.046445279242126644,
      0.06654342965832913,
      0.09747072284742427,
      0.1808163291212616,
      0.5011472146358523
    ],
    "bandwidth_saved": [
      99.90578042248632,
      99.90578042248632,
      99.90578042248632,
      99.90578042248632,
      99.90578042248632,
      99.90578042248632,
      99.90578042248632,
      99.90578042248632,
      99.90578042248632,
      99.90578042248632,
      99.90578042248632,
      99.90578042248632,
      99.90578042248632,
      99.90578042248632,
      99.90578042248632,
      99.90578042248632,
      99.90578042248632,
      99.90578042248632,
      99.90578042248632,
      99.90578042248632
    ],
    "val_loss": [
      0.5565282434225083,
      0.33963280022144315,
      0.42184842824935914,
      0.46416072845458983,
      0.4306898459792137,
      0.4766925945878029,
      0.46359238028526306,
      0.4813224658370018,
      0.5480237931013108,
      0.5346951320767402,
      0.5113963589072228,
      0.5846237078309059,
      0.5201561197638511,
      0.48626111894845964,
      0.5182482168078423,
      0.5098570644855499,
      0.4916458547115326,
      0.509198485314846,
      0.5164850220084191,
      0.449517722427845
    ],
    "val_accuracy": [
      0.825,
      0.8666666666666668,
      0.8541666666666667,
      0.8583333333333332,
      0.875,
      0.875,
      0.8625,
      0.8625,
      0.8625,
      0.8666666666666666,
      0.875,
      0.875,
      0.8791666666666667,
      0.8708333333333333,
      0.8625,
      0.875,
      0.8833333333333334,
      0.8666666666666668,
      0.8833333333333334,
      0.875
    ],
    "val_f1_macro": [
      0.6680082190287582,
      0.772091944165115,
      0.764048444048444,
      0.741949386949387,
      0.7666806916806916,
      0.7308917466812204,
      0.76431906846541,
      0.7452705102705102,
      0.7690006157677889,
      0.7433622517833045,
      0.7888569780033194,
      0.7594887481729587,
      0.79436979851614,
      0.7773602591274322,
      0.75341706781582,
      0.7907232198695613,
      0.7861244712806047,
      0.7597965471221284,
      0.7867041381760611,
      0.7785879830010822
    ],
    "vram_mb": [
      404.8056640625,
      479.09814453125,
      479.09814453125,
      479.09814453125,
      479.09814453125,
      479.09814453125,
      479.09814453125,
      479.09814453125,
      479.09814453125,
      479.09814453125,
      479.09814453125,
      479.09814453125,
      479.09814453125,
      479.09814453125,
      479.09814453125,
      479.09814453125,
      479.09814453125,
      479.09814453125,
      479.09814453125,
      479.09814453125
    ]
  },
  "timestamp": "20260220_232328",
  "training_type": "federated_diLoCo",
  "adapter_type": "qlora"
}